{
	"type": "minecraft:generic",
	"pools": [{
			"rolls": 1,
			"entries": [{
					"type": "minecraft:alternatives",
					"children": [{
							"conditions": [{
									"condition": "minecraft:location_check",
									"predicate": {
										"biome": "minecraft:ocean"
									}
								}
							],
							"type": "minecraft:item",
							"name": "minecraft:golden_hoe",
							"functions": [{
									"function": "minecraft:set_nbt",
									"tag": "{BiomeID:0}"
								}
							]
						}, {
							"conditions": [{
									"condition": "minecraft:location_check",
									"predicate": {
										"biome": "minecraft:plains"
									}
								}
							],
							"type": "minecraft:item",
							"name": "minecraft:golden_hoe",
							"functions": [{
									"function": "minecraft:set_nbt",
									"tag": "{BiomeID:1}"
								}
							]
						}, {
							"conditions": [{
									"condition": "minecraft:location_check",
									"predicate": {
										"biome": "minecraft:desert"
									}
								}
							],
							"type": "minecraft:item",
							"name": "minecraft:golden_hoe",
							"functions": [{
									"function": "minecraft:set_nbt",
									"tag": "{BiomeID:2}"
								}
							]
						}, {
							"conditions": [{
									"condition": "minecraft:location_check",
									"predicate": {
										"biome": "minecraft:windswept_hills"
									}
								}
							],
							"type": "minecraft:item",
							"name": "minecraft:golden_hoe",
							"functions": [{
									"function": "minecraft:set_nbt",
									"tag": "{BiomeID:3}"
								}
							]
						}, {
							"conditions": [{
									"condition": "minecraft:location_check",
									"predicate": {
										"biome": "minecraft:forest"
									}
								}
							],
							"type": "minecraft:item",
							"name": "minecraft:golden_hoe",
							"functions": [{
									"function": "minecraft:set_nbt",
									"tag": "{BiomeID:4}"
								}
							]
						}, {
							"conditions": [{
									"condition": "minecraft:location_check",
									"predicate": {
										"biome": "minecraft:taiga"
									}
								}
							],
							"type": "minecraft:item",
							"name": "minecraft:golden_hoe",
							"functions": [{
									"function": "minecraft:set_nbt",
									"tag": "{BiomeID:5}"
								}
							]
						}, {
							"conditions": [{
									"condition": "minecraft:location_check",
									"predicate": {
										"biome": "minecraft:swamp"
									}
								}
							],
							"type": "minecraft:item",
							"name": "minecraft:golden_hoe",
							"functions": [{
									"function": "minecraft:set_nbt",
									"tag": "{BiomeID:6}"
								}
							]
						}, {
							"conditions": [{
									"condition": "minecraft:location_check",
									"predicate": {
										"biome": "minecraft:river"
									}
								}
							],
							"type": "minecraft:item",
							"name": "minecraft:golden_hoe",
							"functions": [{
									"function": "minecraft:set_nbt",
									"tag": "{BiomeID:7}"
								}
							]
						}, {
							"conditions": [{
									"condition": "minecraft:location_check",
									"predicate": {
										"biome": "minecraft:nether_wastes"
									}
								}
							],
							"type": "minecraft:item",
							"name": "minecraft:golden_hoe",
							"functions": [{
									"function": "minecraft:set_nbt",
									"tag": "{BiomeID:8}"
								}
							]
						}, {
							"conditions": [{
									"condition": "minecraft:location_check",
									"predicate": {
										"biome": "minecraft:the_end"
									}
								}
							],
							"type": "minecraft:item",
							"name": "minecraft:golden_hoe",
							"functions": [{
									"function": "minecraft:set_nbt",
									"tag": "{BiomeID:9}"
								}
							]
						}, {
							"conditions": [{
									"condition": "minecraft:location_check",
									"predicate": {
										"biome": "minecraft:frozen_ocean"
									}
								}
							],
							"type": "minecraft:item",
							"name": "minecraft:golden_hoe",
							"functions": [{
									"function": "minecraft:set_nbt",
									"tag": "{BiomeID:10}"
								}
							]
						}, {
							"conditions": [{
									"condition": "minecraft:location_check",
									"predicate": {
										"biome": "minecraft:frozen_river"
									}
								}
							],
							"type": "minecraft:item",
							"name": "minecraft:golden_hoe",
							"functions": [{
									"function": "minecraft:set_nbt",
									"tag": "{BiomeID:11}"
								}
							]
						}, {
							"conditions": [{
									"condition": "minecraft:location_check",
									"predicate": {
										"biome": "minecraft:snowy_plains"
									}
								}
							],
							"type": "minecraft:item",
							"name": "minecraft:golden_hoe",
							"functions": [{
									"function": "minecraft:set_nbt",
									"tag": "{BiomeID:12}"
								}
							]
						}, {
							"conditions": [{
									"condition": "minecraft:location_check",
									"predicate": {
										"biome": "minecraft:mushroom_fields"
									}
								}
							],
							"type": "minecraft:item",
							"name": "minecraft:golden_hoe",
							"functions": [{
									"function": "minecraft:set_nbt",
									"tag": "{BiomeID:14}"
								}
							]
						}, {
							"conditions": [{
									"condition": "minecraft:location_check",
									"predicate": {
										"biome": "minecraft:beach"
									}
								}
							],
							"type": "minecraft:item",
							"name": "minecraft:golden_hoe",
							"functions": [{
									"function": "minecraft:set_nbt",
									"tag": "{BiomeID:16}"
								}
							]
						}, {
							"conditions": [{
									"condition": "minecraft:location_check",
									"predicate": {
										"biome": "minecraft:jungle"
									}
								}
							],
							"type": "minecraft:item",
							"name": "minecraft:golden_hoe",
							"functions": [{
									"function": "minecraft:set_nbt",
									"tag": "{BiomeID:21}"
								}
							]
						}, {
							"conditions": [{
									"condition": "minecraft:location_check",
									"predicate": {
										"biome": "minecraft:sparse_jungle"
									}
								}
							],
							"type": "minecraft:item",
							"name": "minecraft:golden_hoe",
							"functions": [{
									"function": "minecraft:set_nbt",
									"tag": "{BiomeID:23}"
								}
							]
						}, {
							"conditions": [{
									"condition": "minecraft:location_check",
									"predicate": {
										"biome": "minecraft:deep_ocean"
									}
								}
							],
							"type": "minecraft:item",
							"name": "minecraft:golden_hoe",
							"functions": [{
									"function": "minecraft:set_nbt",
									"tag": "{BiomeID:24}"
								}
							]
						}, {
							"conditions": [{
									"condition": "minecraft:location_check",
									"predicate": {
										"biome": "minecraft:stony_shore"
									}
								}
							],
							"type": "minecraft:item",
							"name": "minecraft:golden_hoe",
							"functions": [{
									"function": "minecraft:set_nbt",
									"tag": "{BiomeID:25}"
								}
							]
						}, {
							"conditions": [{
									"condition": "minecraft:location_check",
									"predicate": {
										"biome": "minecraft:snowy_beach"
									}
								}
							],
							"type": "minecraft:item",
							"name": "minecraft:golden_hoe",
							"functions": [{
									"function": "minecraft:set_nbt",
									"tag": "{BiomeID:26}"
								}
							]
						}, {
							"conditions": [{
									"condition": "minecraft:location_check",
									"predicate": {
										"biome": "minecraft:birch_forest"
									}
								}
							],
							"type": "minecraft:item",
							"name": "minecraft:golden_hoe",
							"functions": [{
									"function": "minecraft:set_nbt",
									"tag": "{BiomeID:27}"
								}
							]
						}, {
							"conditions": [{
									"condition": "minecraft:location_check",
									"predicate": {
										"biome": "minecraft:dark_forest"
									}
								}
							],
							"type": "minecraft:item",
							"name": "minecraft:golden_hoe",
							"functions": [{
									"function": "minecraft:set_nbt",
									"tag": "{BiomeID:29}"
								}
							]
						}, {
							"conditions": [{
									"condition": "minecraft:location_check",
									"predicate": {
										"biome": "minecraft:snowy_taiga"
									}
								}
							],
							"type": "minecraft:item",
							"name": "minecraft:golden_hoe",
							"functions": [{
									"function": "minecraft:set_nbt",
									"tag": "{BiomeID:30}"
								}
							]
						}, {
							"conditions": [{
									"condition": "minecraft:location_check",
									"predicate": {
										"biome": "minecraft:old_growth_pine_taiga"
									}
								}
							],
							"type": "minecraft:item",
							"name": "minecraft:golden_hoe",
							"functions": [{
									"function": "minecraft:set_nbt",
									"tag": "{BiomeID:32}"
								}
							]
						}, {
							"conditions": [{
									"condition": "minecraft:location_check",
									"predicate": {
										"biome": "minecraft:windswept_forest"
									}
								}
							],
							"type": "minecraft:item",
							"name": "minecraft:golden_hoe",
							"functions": [{
									"function": "minecraft:set_nbt",
									"tag": "{BiomeID:34}"
								}
							]
						}, {
							"conditions": [{
									"condition": "minecraft:location_check",
									"predicate": {
										"biome": "minecraft:savanna"
									}
								}
							],
							"type": "minecraft:item",
							"name": "minecraft:golden_hoe",
							"functions": [{
									"function": "minecraft:set_nbt",
									"tag": "{BiomeID:35}"
								}
							]
						}, {
							"conditions": [{
									"condition": "minecraft:location_check",
									"predicate": {
										"biome": "minecraft:savanna_plateau"
									}
								}
							],
							"type": "minecraft:item",
							"name": "minecraft:golden_hoe",
							"functions": [{
									"function": "minecraft:set_nbt",
									"tag": "{BiomeID:36}"
								}
							]
						}, {
							"conditions": [{
									"condition": "minecraft:location_check",
									"predicate": {
										"biome": "minecraft:badlands"
									}
								}
							],
							"type": "minecraft:item",
							"name": "minecraft:golden_hoe",
							"functions": [{
									"function": "minecraft:set_nbt",
									"tag": "{BiomeID:37}"
								}
							]
						}, {
							"conditions": [{
									"condition": "minecraft:location_check",
									"predicate": {
										"biome": "minecraft:wooded_badlands"
									}
								}
							],
							"type": "minecraft:item",
							"name": "minecraft:golden_hoe",
							"functions": [{
									"function": "minecraft:set_nbt",
									"tag": "{BiomeID:38}"
								}
							]
						}, {
							"conditions": [{
									"condition": "minecraft:location_check",
									"predicate": {
										"biome": "minecraft:small_end_islands"
									}
								}
							],
							"type": "minecraft:item",
							"name": "minecraft:golden_hoe",
							"functions": [{
									"function": "minecraft:set_nbt",
									"tag": "{BiomeID:40}"
								}
							]
						}, {
							"conditions": [{
									"condition": "minecraft:location_check",
									"predicate": {
										"biome": "minecraft:end_midlands"
									}
								}
							],
							"type": "minecraft:item",
							"name": "minecraft:golden_hoe",
							"functions": [{
									"function": "minecraft:set_nbt",
									"tag": "{BiomeID:41}"
								}
							]
						}, {
							"conditions": [{
									"condition": "minecraft:location_check",
									"predicate": {
										"biome": "minecraft:end_highlands"
									}
								}
							],
							"type": "minecraft:item",
							"name": "minecraft:golden_hoe",
							"functions": [{
									"function": "minecraft:set_nbt",
									"tag": "{BiomeID:42}"
								}
							]
						}, {
							"conditions": [{
									"condition": "minecraft:location_check",
									"predicate": {
										"biome": "minecraft:end_barrens"
									}
								}
							],
							"type": "minecraft:item",
							"name": "minecraft:golden_hoe",
							"functions": [{
									"function": "minecraft:set_nbt",
									"tag": "{BiomeID:43}"
								}
							]
						}, {
							"conditions": [{
									"condition": "minecraft:location_check",
									"predicate": {
										"biome": "minecraft:warm_ocean"
									}
								}
							],
							"type": "minecraft:item",
							"name": "minecraft:golden_hoe",
							"functions": [{
									"function": "minecraft:set_nbt",
									"tag": "{BiomeID:44}"
								}
							]
						}, {
							"conditions": [{
									"condition": "minecraft:location_check",
									"predicate": {
										"biome": "minecraft:lukewarm_ocean"
									}
								}
							],
							"type": "minecraft:item",
							"name": "minecraft:golden_hoe",
							"functions": [{
									"function": "minecraft:set_nbt",
									"tag": "{BiomeID:45}"
								}
							]
						}, {
							"conditions": [{
									"condition": "minecraft:location_check",
									"predicate": {
										"biome": "minecraft:cold_ocean"
									}
								}
							],
							"type": "minecraft:item",
							"name": "minecraft:golden_hoe",
							"functions": [{
									"function": "minecraft:set_nbt",
									"tag": "{BiomeID:46}"
								}
							]
						}, {
							"conditions": [{
									"condition": "minecraft:location_check",
									"predicate": {
										"biome": "minecraft:deep_lukewarm_ocean"
									}
								}
							],
							"type": "minecraft:item",
							"name": "minecraft:golden_hoe",
							"functions": [{
									"function": "minecraft:set_nbt",
									"tag": "{BiomeID:48}"
								}
							]
						}, {
							"conditions": [{
									"condition": "minecraft:location_check",
									"predicate": {
										"biome": "minecraft:deep_cold_ocean"
									}
								}
							],
							"type": "minecraft:item",
							"name": "minecraft:golden_hoe",
							"functions": [{
									"function": "minecraft:set_nbt",
									"tag": "{BiomeID:49}"
								}
							]
						}, {
							"conditions": [{
									"condition": "minecraft:location_check",
									"predicate": {
										"biome": "minecraft:deep_frozen_ocean"
									}
								}
							],
							"type": "minecraft:item",
							"name": "minecraft:golden_hoe",
							"functions": [{
									"function": "minecraft:set_nbt",
									"tag": "{BiomeID:50}"
								}
							]
						}, {
							"conditions": [{
									"condition": "minecraft:location_check",
									"predicate": {
										"biome": "minecraft:the_void"
									}
								}
							],
							"type": "minecraft:item",
							"name": "minecraft:golden_hoe",
							"functions": [{
									"function": "minecraft:set_nbt",
									"tag": "{BiomeID:127}"
								}
							]
						}, {
							"conditions": [{
									"condition": "minecraft:location_check",
									"predicate": {
										"biome": "minecraft:sunflower_plains"
									}
								}
							],
							"type": "minecraft:item",
							"name": "minecraft:golden_hoe",
							"functions": [{
									"function": "minecraft:set_nbt",
									"tag": "{BiomeID:129}"
								}
							]
						}, {
							"conditions": [{
									"condition": "minecraft:location_check",
									"predicate": {
										"biome": "minecraft:windswept_gravelly_hills"
									}
								}
							],
							"type": "minecraft:item",
							"name": "minecraft:golden_hoe",
							"functions": [{
									"function": "minecraft:set_nbt",
									"tag": "{BiomeID:131}"
								}
							]
						}, {
							"conditions": [{
									"condition": "minecraft:location_check",
									"predicate": {
										"biome": "minecraft:flower_forest"
									}
								}
							],
							"type": "minecraft:item",
							"name": "minecraft:golden_hoe",
							"functions": [{
									"function": "minecraft:set_nbt",
									"tag": "{BiomeID:132}"
								}
							]
						}, {
							"conditions": [{
									"condition": "minecraft:location_check",
									"predicate": {
										"biome": "minecraft:ice_spikes"
									}
								}
							],
							"type": "minecraft:item",
							"name": "minecraft:golden_hoe",
							"functions": [{
									"function": "minecraft:set_nbt",
									"tag": "{BiomeID:140}"
								}
							]
						}, {
							"conditions": [{
									"condition": "minecraft:location_check",
									"predicate": {
										"biome": "minecraft:old_growth_birch_forest"
									}
								}
							],
							"type": "minecraft:item",
							"name": "minecraft:golden_hoe",
							"functions": [{
									"function": "minecraft:set_nbt",
									"tag": "{BiomeID:155}"
								}
							]
						}, {
							"conditions": [{
									"condition": "minecraft:location_check",
									"predicate": {
										"biome": "minecraft:old_growth_spruce_taiga"
									}
								}
							],
							"type": "minecraft:item",
							"name": "minecraft:golden_hoe",
							"functions": [{
									"function": "minecraft:set_nbt",
									"tag": "{BiomeID:160}"
								}
							]
						}, {
							"conditions": [{
									"condition": "minecraft:location_check",
									"predicate": {
										"biome": "minecraft:windswept_savanna"
									}
								}
							],
							"type": "minecraft:item",
							"name": "minecraft:golden_hoe",
							"functions": [{
									"function": "minecraft:set_nbt",
									"tag": "{BiomeID:163}"
								}
							]
						}, {
							"conditions": [{
									"condition": "minecraft:location_check",
									"predicate": {
										"biome": "minecraft:eroded_badlands"
									}
								}
							],
							"type": "minecraft:item",
							"name": "minecraft:golden_hoe",
							"functions": [{
									"function": "minecraft:set_nbt",
									"tag": "{BiomeID:165}"
								}
							]
						}, {
							"conditions": [{
									"condition": "minecraft:location_check",
									"predicate": {
										"biome": "minecraft:bamboo_jungle"
									}
								}
							],
							"type": "minecraft:item",
							"name": "minecraft:golden_hoe",
							"functions": [{
									"function": "minecraft:set_nbt",
									"tag": "{BiomeID:168}"
								}
							]
						}, {
							"conditions": [{
									"condition": "minecraft:location_check",
									"predicate": {
										"biome": "minecraft:soul_sand_valley"
									}
								}
							],
							"type": "minecraft:item",
							"name": "minecraft:golden_hoe",
							"functions": [{
									"function": "minecraft:set_nbt",
									"tag": "{BiomeID:170}"
								}
							]
						}, {
							"conditions": [{
									"condition": "minecraft:location_check",
									"predicate": {
										"biome": "minecraft:crimson_forest"
									}
								}
							],
							"type": "minecraft:item",
							"name": "minecraft:golden_hoe",
							"functions": [{
									"function": "minecraft:set_nbt",
									"tag": "{BiomeID:171}"
								}
							]
						}, {
							"conditions": [{
									"condition": "minecraft:location_check",
									"predicate": {
										"biome": "minecraft:warped_forest"
									}
								}
							],
							"type": "minecraft:item",
							"name": "minecraft:golden_hoe",
							"functions": [{
									"function": "minecraft:set_nbt",
									"tag": "{BiomeID:172}"
								}
							]
						}, {
							"conditions": [{
									"condition": "minecraft:location_check",
									"predicate": {
										"biome": "minecraft:basalt_deltas"
									}
								}
							],
							"type": "minecraft:item",
							"name": "minecraft:golden_hoe",
							"functions": [{
									"function": "minecraft:set_nbt",
									"tag": "{BiomeID:173}"
								}
							]
						}, {
							"conditions": [{
									"condition": "minecraft:location_check",
									"predicate": {
										"biome": "minecraft:dripstone_caves"
									}
								}
							],
							"type": "minecraft:item",
							"name": "minecraft:golden_hoe",
							"functions": [{
									"function": "minecraft:set_nbt",
									"tag": "{BiomeID:174}"
								}
							]
						}, {
							"conditions": [{
									"condition": "minecraft:location_check",
									"predicate": {
										"biome": "minecraft:lush_caves"
									}
								}
							],
							"type": "minecraft:item",
							"name": "minecraft:golden_hoe",
							"functions": [{
									"function": "minecraft:set_nbt",
									"tag": "{BiomeID:175}"
								}
							]
						}
					]
				}
			]
		}
	]
}